<?xml version="1.0" encoding="utf-8"?>
<Lockscreen version="1" frameRate="30">
    <Wallpaper/>
	<!-- 锁屏背景 -->

	 <!-- 音乐控制 -->
    <MusicControl x="0" y="0" w="480" h="480" name="music_control" autoShow="true" visibility="false">
        
        <!-- 时间 -->
	<Time x="#screen_width/2" y="140" align="center" alignV="bottom" src="time.png"/>
	<!-- 日期 -->
	<DateTime x="#screen_width/2" y="147" align="center" color="#FFFFFFFF" size="24" format="EEEE - dd.MM.yyyy"/>
	<!-- 未读短信 -->
	<Image x="162" y="182" src="icon_sms.png" alpha="#sms_unread_count*255"/>
	<Text x="162+24" y="182" color="#FFFFFFFF" size="20" format=" Не прочитано СМС: %d " paras="#sms_unread_count" alpha="#sms_unread_count*255"/>
	<!-- 未接电话 -->
	<Image x="162" y="210" align="center" alignV="bottom"src="icon_phone.png" alpha="#call_missed_count*255"/>
	<Text x="162+24" y="210" color="#FFFFFFFF" size="20" format=" Пропущено звонков: %d " paras="#call_missed_count" alpha="#call_missed_count*255"/>
		
	<!-- 音乐背景 -->
        <Image x="0" y="0" alignV="bottom" src="music_bg.png"/>

	<Text name="music_display" x="#screen_width/2" y="232" align="center" color="#FFFFFFFF" size="16"/>	
        <!-- 唱片 -->
        <Image name="music_album_cover" x="87" y="371" align="center" alignV="center" src="photorecord.png"/>
		
	<!--Image x="76" y="296" align="center" src="unlock_top_p.png"  alpha="255-#unlocker.state*255"/-->
		
        <!-- 上一首 -->
        <Button name="music_prev" x="30" y="508" w="60" h="60">
            <Normal>
                <Image x="30" y="508" align="center" alignV="center" src="music_pre_n.png" alpha="255-#unlocker.state*255"/>
            </Normal>
            <Pressed>
                <Image x="10" y="360" align="center" src="music_l_p.png"/>
                <Image x="30" y="508" align="center" alignV="center" src="music_pre_n.png"/>
            </Pressed>
        </Button>
        <!-- 下一首 -->
        <Button name="music_next" x="423" y="508" w="60" h="60">
            <Normal>
                <Image x="423" y="508" align="center" alignV="center" src="music_next_n.png" alpha="255-#unlocker.state*255"/>
            </Normal>
            <Pressed>
		<Image x="333" y="360" align="center" src="music_r_p.png"/>
                <Image x="423" y="508" align="center" alignV="center" src="music_next_n.png"/>
            </Pressed>
        </Button>
        <!-- 播放 -->
        <Button name="music_play" x="228" y="708" w="60" h="60">
            <Normal>
                <Image x="230" y="708" align="center" alignV="center" src="music_play_n.png" alpha="255-#unlocker.state*255"/>
            </Normal>
            <Pressed>
                <Image x="77" y="620" align="center" src="music_btm_p.png"/>
                <Image x="230" y="708" align="center" alignV="center" src="music_play_n.png"/>
            </Pressed>
        </Button>
        <!-- 暂停 -->
        <Button name="music_pause" x="228" y="708" w="60" h="60">
            <Normal>
                <Image x="230" y="708" align="center" alignV="center" src="music_pause_n.png" alpha="255-#unlocker.state*255"/>
            </Normal>
            <Pressed>
                <Image x="77" y="620" align="center" src="music_btm_p.png"/>
                <Image x="230" y="708" align="center" alignV="center" src="music_pause_n.png"/>
            </Pressed>
        </Button>
        <Image x="173" y="457" align="center" alignV="center" src="lock_button_music.png" alpha="255-#unlocker.state*255">
            <AlphaAnimation>
	        <Alpha a="10" time="0"/>
	        <Alpha a="20" time="400"/>
	        <Alpha a="40" time="800"/>
	        <Alpha a="60" time="1200"/>
	        <Alpha a="80" time="1500"/>
	        <Alpha a="100" time="1800"/>
	        <Alpha a="120" time="2000"/>
                <Alpha a="140" time="2100"/>
                <Alpha a="160" time="2200"/>
                <Alpha a="140" time="2300"/>
                <Alpha a="120" time="2400"/>
                <Alpha a="100" time="2600"/>
                <Alpha a="80" time="2900"/>
                <Alpha a="60" time="3200"/>
                <Alpha a="40" time="3600"/>
                <Alpha a="20" time="4000"/>
            </AlphaAnimation>
        </Image>   
    </MusicControl>

    <!-- 时间 -->
    <Time x="#screen_width/2" y="140" align="center" alignV="bottom" src="time.png"/>
    <!-- 日期 -->
    <DateTime x="#screen_width/2" y="147" align="center" color="#FFFFFFFF" size="24" format="EEEE - dd.MM.yyyy"/>
    <!-- 未读短信 -->
    <Image x="162" y="182" src="icon_sms.png" alpha="#sms_unread_count*255"/>
    <Text x="162+24" y="182" color="#FFFFFFFF" size="20" format=" Не прочитано СМС: %d " paras="#sms_unread_count" alpha="#sms_unread_count*255"/>
    <!-- 未接电话 -->
    <Image x="162" y="210" align="center" alignV="bottom"src="icon_phone.png" alpha="#call_missed_count*255"/>
    <Text x="162+24" y="210" color="#FFFFFFFF" size="20" format=" Пропущено звонков: %d " paras="#call_missed_count" alpha="#call_missed_count*255"/>
    
    <Unlocker name="unlocker" bounceInitSpeed="10" bounceAcceleration="1500">
        <StartPoint x="172" y="455" w="136" h="136">
	    <NormalState>
                <Text x="#screen_width/2" y="380" color="#FFFFFFFF" align="center" size="20" category="Charging" format="Зарядится через：%s" paras="#charging_left" alpha="max(#battery_level-#battery_low_level+1,0)*255" visibility="#music_control.visibility"/>
                <Text x="#screen_width/2" y="408" color="#FFFFFFFF" align="center" size="20" category="Charging" format="%d%" paras="#battery_level" alpha="max(#battery_level-#battery_low_level+1,0)*255" visibility="#music_control.visibility"/>
                <Text x="#screen_width/2" y="380" color="#FFFF4208" align="center" size="20" category="Charging" format="Зарядится через：%s" paras="#charging_left" alpha="max(#battery_low_level-#battery_level,0)*255" visibility="#music_control.visibility"/>
                <Text x="#screen_width/2" y="408" color="#FFFF4208" align="center" size="20" category="Charging" format="%d%" paras="#battery_level" alpha="max(#battery_low_level-#battery_level,0)*255" visibility="#music_control.visibility"/>
                <Text x="#screen_width/2" y="380" color="#FFFF4208" align="center" size="20" category="BatteryLow" format="Заряда осталось на:%s" paras="#battery_left" visibility="#music_control.visibility"/>
                <Text x="#screen_width/2" y="408" color="#FFFF4208" align="center"size="20" category="BatteryLow" format="Батарея заряжена（%d%）" paras="#battery_level" visibility="#music_control.visibility"/>
                <Text x="#screen_width/2" y="408" color="#FFFFFFFF" align="center" size="20" alpha="max(0,(1-#unlocker.state))*255" category="BatteryFull"  text="Батарея полностью заряжена" visibility="#music_control.visibility"/>                  
                <Image x="173" y="457" align="center" alignV="center" src="lock_button_0.png" visibility="#music_control.visibility"/>
	    </NormalState>
	    <PressedState>
	        <Image x="173" y="457" align="center" alignV="center" src="lock_button_1.png"/>
	    </PressedState>
        </StartPoint>

        <!-- 此EndPoint专门用来显示-->
        <EndPoint x="0" y="0" w="0" h="0">
            <PressedState>
	        <Image x="10" y="295" align="center" alignV="center" src="unlock_bg.png">
		    <AlphaAnimation>
		        <Alpha a="0" time="0"/>
		        <Alpha a="63" time="100"/>
		        <Alpha a="94" time="300"/>
		        <Alpha a="141" time="500"/>
		        <Alpha a="211" time="800"/>
		        <Alpha a="255" time="1000"/>
		        <Alpha a="255" time="1000000000000000"/>
		    </AlphaAnimation>
	        </Image>
	    </PressedState>
        </EndPoint>
		
        <!-- Camera -->
        <EndPoint x="40" y="-135" w="276" h="550">
	    <Intent action="android.intent.action.MAIN" package="com.android.camera" class="com.android.camera.Camera"/>
	    <ReachedState>
	        <Image x="76" y="296" align="center" src="unlock_top_p.png"/>
	    </ReachedState>
        </EndPoint>
		
        <!-- Sms -->
        <EndPoint x="215" y="217" w="300" h="355">
            <Intent action="android.intent.action.MAIN" type="vnd.android-dir/mms-sms" category="android.intent.category.DEFAULT"/>
            <ReachedState>
                <Image x="333" y="360" align="center" src="unlock_r_p.png"/>
	    </ReachedState>
        </EndPoint>
		
        <!-- UnLock -->
        <EndPoint x="40" y="500" w="316" h="300">
            <ReachedState>
                <Image x="76" y="620" align="center" src="unlock_btm_p.png"/>
            </ReachedState>
        </EndPoint>
		
        <!-- Phone -->
        <EndPoint x="-136" y="247" w="276" h="395">
            <Intent action="android.intent.action.DIAL"/>
            <ReachedState>
                <Image x="10" y="360" align="center" src="unlock_l_p.png"/>
            </ReachedState>
        </EndPoint>
		
    </Unlocker>
	
	<!-- 双击进入音乐控制 -->
    <Button x="172" y="457" w="136" h="136">
        <Triggers>
            <Trigger action="double" target="music_control" property="visibility" value="toggle"/>
        </Triggers>
    </Button>
	
    <!-- 充电进度光  -->
    <Image x="182" y="465" src="charging_progress_light_small_l.png" category="Charging" alpha="255-#unlocker.state*255" visibility="#music_control.visibility">
        <Mask x="-3" y="0" src="charging_progress_light_small_lmask.png" centerX="60" centerY="60" angle="-min(#battery_level,50)/50*180"/>
    </Image>
    <Image x="239" y="465" src="charging_progress_light_small_r.png" category="Charging" alpha="255-#unlocker.state*255" visibility="#music_control.visibility">
        <Mask x="-5" y="0" src="charging_progress_light_small_rmask.png" centerX="0" centerY="60" angle="-max(#battery_level-50,0)/50*180"/>
    </Image>
	
    <!-- 充电状态中 -->
    <Image x="240" y="525" align="center" alignV="center" src="charging_progress_light_small.png" category="Charging" alpha="255-#unlocker.state*255" visibility="#music_control.visibility">
        <ScaleAnimation>
            <Scale w="200" h="200" time="0"/>
            <Scale w="200" h="200" time="500"/>
            <Scale w="160" h="160" time="604"/>
            <Scale w="140" h="140" time="708"/>
            <Scale w="120" h="120" time="915"/>
            <Scale w="85" h="85" time="1500"/>
         </ScaleAnimation>
         <AlphaAnimation>
              <Alpha a="0" time="0"/>
              <Alpha a="0" time="500"/>
              <Alpha a="32" time="708"/>
              <Alpha a="64" time="811"/>
              <Alpha a="128" time="915"/>
              <Alpha a="255" time="916"/>
              <Alpha a="255" time="984"/>
              <Alpha a="0" time="1500"/>
         </AlphaAnimation>
    </Image>
	
    <!-- 电量不足时状态 -->
    <Image x="240" y="523" align="center" alignV="center" src="lowbattery.png" category="BatteryLow" alpha="255-#unlocker.state*255">
         <ScaleAnimation>
              <Scale w="85" h="85" time="0"/>
              <Scale w="165" h="165" time="1500"/>
         </ScaleAnimation>
         <AlphaAnimation>
              <Alpha a="0" time="0"/>
              <Alpha a="128" time="715"/>
              <Alpha a="255" time="716"/>
              <Alpha a="255" time="784"/>
              <Alpha a="128" time="785"/>
              <Alpha a="0" time="1500"/>
         </AlphaAnimation>
    </Image>
    <!-- 电量不足时状态 -->
    <Image x="240" y="523" align="center" alignV="center" src="lowbattery.png" category="BatteryLow" alpha="255-#unlocker.state*255">
         <ScaleAnimation>
              <Scale w="125" h="125" time="0"/>
              <Scale w="125" h="125" time="716"/>
              <Scale w="200" h="200" time="1000"/>
              <Scale w="200" h="200" time="1500"/>
         </ScaleAnimation>
         <AlphaAnimation>
              <Alpha a="0" time="0"/>
              <Alpha a="0" time="715"/>
              <Alpha a="64" time="716"/>
              <Alpha a="0" time="1000"/>
              <Alpha a="0" time="1500"/>
         </AlphaAnimation>
    </Image>
	
</Lockscreen>
